net_id,regime,seed,n_internal,retain_fraction,N_V,N_E,cycle_rank,connected,R_eq,E_baseline
tree_000,tree,1,10,0.0,16,15,0,True,44195477537.638054,0.12622131883280457
tree_001,tree,2,13,0.0,16,15,0,True,26077242961.79099,0.06971025560808516
tree_002,tree,3,13,0.0,16,15,0,True,31247802535.886974,0.08510457942178097
tree_003,tree,4,12,0.0,16,15,0,True,61311176736.23495,0.14362785468612208
tree_004,tree,5,12,0.0,16,15,0,True,33623075149.510654,0.08925178824911788
tree_005,tree,6,10,0.0,16,15,0,True,31805230953.12759,0.08459295004076561
tree_006,tree,7,14,0.0,16,15,0,True,29631466427.90607,0.06228924025488567
tree_007,tree,8,12,0.0,16,15,0,True,42320029077.98746,0.11762651520816886
tree_008,tree,9,9,0.0,16,15,0,True,40023280271.73928,0.12830726034281145
tree_009,tree,10,12,0.0,16,15,0,True,35594843316.9007,0.1153970093597826
tree_010,tree,11,7,0.0,16,15,0,True,45914706970.21258,0.13975093028690544
tree_011,tree,12,11,0.0,16,15,0,True,35359856848.7301,0.08784182792038717
tree_012,tree,13,14,0.0,16,15,0,True,36314346870.77005,0.10385618691527349
tree_013,tree,14,7,0.0,16,15,0,True,33277364840.604,0.08308489730757808
tree_014,tree,15,14,0.0,16,15,0,True,42401921186.16643,0.10615092109986803
tree_015,tree,16,10,0.0,16,15,0,True,55463116435.892265,0.11479982008282287
tree_016,tree,17,12,0.0,16,15,0,True,32769392295.226498,0.10700961584667087
tree_017,tree,18,14,0.0,16,15,0,True,22945859906.187954,0.06511349717787816
tree_018,tree,19,11,0.0,16,15,0,True,37045256953.696335,0.08579754173640802
tree_019,tree,20,14,0.0,16,15,0,True,32503343822.52239,0.09572112832063594
tree_020,tree,21,8,0.0,16,15,0,True,35212859521.713036,0.1054394263942833
tree_021,tree,22,12,0.0,16,15,0,True,34298985266.12114,0.10795515006270497
tree_022,tree,23,6,0.0,15,14,0,True,75194052703.43825,0.16973474764998328
tree_023,tree,24,9,0.0,16,15,0,True,29476069520.32983,0.08897557849337044
tree_024,tree,25,10,0.0,16,15,0,True,37076283934.81065,0.12956898979935708
loopy_hierarchical_000,loopy_hierarchical,100001,9,0.36322739645660407,16,23,8,True,83868022718.46301,0.06131769804859959
loopy_hierarchical_001,loopy_hierarchical,100002,11,0.3017722933902661,16,22,7,True,59403614466.90362,0.09568627534066607
loopy_hierarchical_002,loopy_hierarchical,100003,9,0.3209919243405915,16,22,7,True,63650363116.18128,0.08634096703487694
loopy_hierarchical_003,loopy_hierarchical,100004,12,0.291009859461023,16,21,6,True,60991630863.5476,0.08708574502479384
loopy_hierarchical_004,loopy_hierarchical,100005,12,0.34547855821573203,16,23,8,True,54835704979.91562,0.08522833499189435
loopy_hierarchical_005,loopy_hierarchical,100006,8,0.27848937265214313,16,21,6,True,84573264078.91486,0.07466862852036606
loopy_hierarchical_006,loopy_hierarchical,100007,8,0.3790604735077633,16,23,8,True,102686448813.3535,0.07754659232878311
loopy_hierarchical_007,loopy_hierarchical,100008,14,0.25007834315023836,16,21,6,True,66393002476.39888,0.07793494632368873
loopy_hierarchical_008,loopy_hierarchical,100009,10,0.2724911389390072,16,21,6,True,55181575973.56317,0.09001793026808476
loopy_hierarchical_009,loopy_hierarchical,100010,14,0.16432431425990357,16,19,4,True,55067223031.15189,0.08641614435023247
loopy_hierarchical_010,loopy_hierarchical,100011,8,0.2560346325940357,16,21,6,True,69226937889.65489,0.06699984434452341
loopy_hierarchical_011,loopy_hierarchical,100012,11,0.10106025588406936,16,17,2,True,54433976672.722664,0.06876690036132506
loopy_hierarchical_012,loopy_hierarchical,100013,6,0.18090700986373,15,18,4,True,64658370296.41081,0.11116781764663733
loopy_hierarchical_013,loopy_hierarchical,100014,8,0.2862850005436991,16,21,6,True,70561632004.5475,0.09149193315207188
loopy_hierarchical_014,loopy_hierarchical,100015,8,0.3512737613585305,16,23,8,True,70081041938.65805,0.07183570507955993
loopy_hierarchical_015,loopy_hierarchical,100016,8,0.34646269053019496,16,23,8,True,103396514154.85814,0.12624380764693202
loopy_hierarchical_016,loopy_hierarchical,100017,10,0.24388470868359488,16,20,5,True,52988921984.11002,0.08287397054594538
loopy_hierarchical_017,loopy_hierarchical,100018,13,0.3057103587621095,16,22,7,True,105576113841.19154,0.06274115499406815
loopy_hierarchical_018,loopy_hierarchical,100019,14,0.19323846565997493,16,19,4,True,75141768797.99095,0.11543740805676356
loopy_hierarchical_019,loopy_hierarchical,100020,11,0.1970108137773336,16,19,4,True,50285686678.22568,0.0902545281229332
loopy_hierarchical_020,loopy_hierarchical,100021,7,0.23785428504235984,16,20,5,True,51829663219.60381,0.07058452106519496
loopy_hierarchical_021,loopy_hierarchical,100022,13,0.25059555344642825,16,21,6,True,71859563168.19968,0.049905064373950335
loopy_hierarchical_022,loopy_hierarchical,100023,10,0.24218905562535706,16,20,5,True,48369330604.55845,0.10024121579419058
loopy_hierarchical_023,loopy_hierarchical,100024,13,0.30046404520587744,16,22,7,True,60023463472.16143,0.0865626770636382
loopy_hierarchical_024,loopy_hierarchical,100025,11,0.12492255097105476,16,18,3,True,67246492518.13201,0.07941780396679625
lattice_000,lattice,200001,14,0.3126430743068127,21,30,10,True,100971978674.2915,0.08319665986376656
lattice_001,lattice,200002,15,0.4539608986647026,21,35,15,True,126038384222.48575,0.07033164924534259
lattice_002,lattice,200003,18,0.4975915114933138,21,36,16,True,121507474841.65999,0.08405741194776503
lattice_003,lattice,200004,18,0.5992354349483076,21,39,19,True,158309469180.57538,0.07541953730181244
lattice_004,lattice,200005,15,0.4411982647403172,21,34,14,True,126290817854.32149,0.09430208724011901
lattice_005,lattice,200006,18,0.36837123042856446,21,32,12,True,94286598501.25055,0.0631685824819469
lattice_006,lattice,200007,14,0.5717615836193514,21,38,18,True,130014174101.80945,0.04130826520014963
lattice_007,lattice,200008,11,0.4494881691590481,14,21,8,True,69156001073.31282,0.07948064666806404
lattice_008,lattice,200009,14,0.39051523214805495,21,32,12,True,122436259009.90848,0.06485050673442867
lattice_009,lattice,200010,17,0.3358515570577582,21,31,11,True,81555184660.83238,0.052805453289365256
lattice_010,lattice,200011,14,0.5049384049311819,21,36,16,True,152640448711.26428,0.08214513274515585
lattice_011,lattice,200012,9,0.46231707513771203,14,21,8,True,69001372780.96138,0.08071605983847521
lattice_012,lattice,200013,19,0.4035020925019014,21,33,13,True,131253127755.49245,0.10524371057555446
lattice_013,lattice,200014,19,0.3291780821454536,21,31,11,True,84325985419.1149,0.0555343720588244
lattice_014,lattice,200015,13,0.4761967098152764,21,35,15,True,118460251761.64655,0.05587788100675901
lattice_015,lattice,200016,14,0.3288572510332214,21,31,11,True,80937793510.7638,0.045476786691852664
lattice_016,lattice,200017,14,0.31331960746675047,21,30,10,True,98111867290.54645,0.0766174334533473
lattice_017,lattice,200018,20,0.3637929411822464,21,32,12,True,92257106564.4376,0.048876597458072164
lattice_018,lattice,200019,17,0.33041782780180373,21,31,11,True,129451056071.15889,0.09644470835160927
lattice_019,lattice,200020,19,0.4840289784290989,21,35,15,True,103762267587.86603,0.034487921277473375
lattice_020,lattice,200021,13,0.5800258493912245,21,39,19,True,158223571632.3338,0.07559544241502274
lattice_021,lattice,200022,10,0.5151692745484091,14,22,9,True,81622958309.0717,0.07931264875835442
lattice_022,lattice,200023,15,0.3724068769769884,21,32,12,True,156939337664.1211,0.08652628668378808
lattice_023,lattice,200024,13,0.3555191060409786,21,31,11,True,114034518479.87816,0.060885802635858195
lattice_024,lattice,200025,14,0.3948745819195502,21,33,13,True,92829175717.136,0.03420998863650793
random_spatial_000,random_spatial,300001,8,0.14816950499787274,17,20,4,True,88107398899.40471,0.14636827109274275
random_spatial_001,random_spatial,300002,11,0.33042859810004044,20,29,10,True,85974092391.78372,0.0686950439919512
random_spatial_002,random_spatial,300003,12,0.3667434318912928,21,32,12,True,103039101792.92738,0.07380003670593249
random_spatial_003,random_spatial,300004,16,0.20142750431557188,25,32,8,True,79543857952.18686,0.05234087822767815
random_spatial_004,random_spatial,300005,13,0.39354494395829875,22,34,13,True,102006488569.43542,0.10668440658044419
random_spatial_005,random_spatial,300006,14,0.49439172497436235,23,40,18,True,133109165951.93443,0.04653719699112138
random_spatial_006,random_spatial,300007,15,0.3466557560764554,24,36,13,True,94180242225.63646,0.04670451747103371
random_spatial_007,random_spatial,300008,16,0.27240887461550767,25,35,11,True,73287824559.42654,0.09036389149168775
random_spatial_008,random_spatial,300009,7,0.08271544315149698,16,17,2,True,36186642034.831894,0.08087955751337003
random_spatial_009,random_spatial,300010,6,0.20934892665664068,15,18,4,True,51269095668.314316,0.11558614950478859
random_spatial_010,random_spatial,300011,13,0.07583520466109817,22,24,3,True,49922518153.269516,0.09641389280203919
random_spatial_011,random_spatial,300012,15,0.29625340969584557,24,34,11,True,67388039110.22748,0.04695666610136487
random_spatial_012,random_spatial,300013,6,0.37884947919919343,15,22,8,True,75044996253.61896,0.0743710308262304
random_spatial_013,random_spatial,300014,8,0.018074252387251744,17,16,0,True,35812532435.443924,0.09211968116436665
random_spatial_014,random_spatial,300015,10,0.15419605545724896,19,22,4,True,50634580437.24747,0.08169087198511486
random_spatial_015,random_spatial,300016,10,0.23864021376192823,19,25,7,True,50303787407.12816,0.03997347193956146
random_spatial_016,random_spatial,300017,10,0.04084060656240879,19,19,1,True,37616931261.6756,0.04142777092466926
random_spatial_017,random_spatial,300018,7,0.3623224376723623,16,23,8,True,89133673490.92845,0.11179709849266323
random_spatial_018,random_spatial,300019,12,0.3611679893535305,21,32,12,True,93517267965.32379,0.05338707561330327
random_spatial_019,random_spatial,300020,16,0.4166293005100861,25,41,17,True,97699272891.92444,0.04347642525150656
random_spatial_020,random_spatial,300021,7,0.38746290949609113,16,24,9,True,77065487617.71088,0.09658204468011396
random_spatial_021,random_spatial,300022,12,0.19050028866474777,21,26,6,True,121424377971.91971,0.1028919366500807
random_spatial_022,random_spatial,300023,8,0.39161475113666777,17,25,9,True,68527994240.17699,0.05181038846067937
random_spatial_023,random_spatial,300024,10,0.25588028750810005,19,25,7,True,68610011558.19354,0.06261511716339016
random_spatial_024,random_spatial,300025,16,0.23709979440765078,25,33,9,True,81841475772.7456,0.06985930762236522
