family,variant,direction_id,rho_j,rho_k,reversal,threshold,near_boundary,escalate
symmetric_tree,1,1,0.0,0.025,0.0013233743723558792,1.4398204850607506e-17,True,True
symmetric_tree,1,1,0.025,0.05,0.0012923337820276073,1.4398204850607506e-17,True,True
symmetric_tree,1,1,0.05,0.075,0.0012458137093623086,1.4398204850607506e-17,True,True
symmetric_tree,1,1,0.075,0.1,0.0011729346120657727,1.4398204850607506e-17,False,False
symmetric_tree,1,1,0.1,0.125,0.0010537015842144986,1.4398204850607506e-17,False,False
symmetric_tree,1,1,0.125,0.15,0.0008536131809897644,1.4398204850607506e-17,False,False
symmetric_tree,1,1,0.15,0.175,0.0005288769604702478,1.4398204850607506e-17,False,False
symmetric_tree,1,1,0.175,0.2,7.637925870863666e-05,1.4398204850607506e-17,False,False
symmetric_tree,1,2,0.0,0.025,0.0002896308046331196,1.4398204850607506e-17,True,True
symmetric_tree,1,2,0.025,0.05,0.00018223504377097924,1.4398204850607506e-17,True,True
symmetric_tree,1,2,0.05,0.075,6.95495824264581e-05,1.4398204850607506e-17,True,False
symmetric_tree,1,3,0.0,0.025,0.002558419806367729,1.4398204850607506e-17,True,True
symmetric_tree,1,3,0.025,0.05,0.002219847699572338,1.4398204850607506e-17,True,True
symmetric_tree,1,3,0.05,0.075,0.0014477499743913236,1.4398204850607506e-17,False,False
symmetric_tree,1,3,0.075,0.1,1.4566116436239701e-05,1.4398204850607506e-17,False,False
symmetric_tree,1,12,0.0,0.025,0.0002877745529712254,1.4398204850607506e-17,True,True
symmetric_tree,1,12,0.025,0.05,0.00028777224931291964,1.4398204850607506e-17,True,True
symmetric_tree,1,12,0.05,0.075,0.00028776976117273617,1.4398204850607506e-17,True,True
symmetric_tree,1,12,0.075,0.1,0.0002825628653233426,1.4398204850607506e-17,True,True
symmetric_tree,1,18,0.0,0.025,0.00014844350347834392,1.4398204850607506e-17,True,True
symmetric_tree,1,18,0.025,0.05,0.00014444959754241274,1.4398204850607506e-17,True,True
symmetric_tree,1,18,0.05,0.075,0.00014030130383734657,1.4398204850607506e-17,True,True
symmetric_tree,1,18,0.075,0.1,0.00013599534680219967,1.4398204850607506e-17,True,True
symmetric_tree,1,18,0.1,0.125,0.00013152885016188068,1.4398204850607506e-17,True,True
symmetric_tree,1,19,0.0,0.025,0.00017808671508844076,1.4398204850607506e-17,True,True
symmetric_tree,1,19,0.025,0.05,0.00010870650354574685,1.4398204850607506e-17,True,True
symmetric_tree,1,19,0.05,0.075,3.7327258201345914e-05,1.4398204850607506e-17,True,False
symmetric_tree,2,1,0.0,0.025,0.0006935092288394428,1.4398204850607506e-17,False,True
symmetric_tree,2,1,0.025,0.05,0.0006918954912407559,1.4398204850607506e-17,False,False
symmetric_tree,2,1,0.05,0.075,0.0006819441372561276,1.4398204850607506e-17,False,False
symmetric_tree,2,1,0.075,0.1,7.197804892384143e-05,1.4398204850607506e-17,False,False
symmetric_tree,2,2,0.0,0.025,0.000780403298105323,1.4398204850607506e-17,False,True
symmetric_tree,2,2,0.025,0.05,0.0006906988369453978,1.4398204850607506e-17,False,False
symmetric_tree,2,2,0.05,0.075,0.00027230746504952337,1.4398204850607506e-17,False,False
symmetric_tree,2,5,0.0,0.025,0.0003359871854737139,1.4398204850607506e-17,False,True
symmetric_tree,2,5,0.025,0.05,0.000267682279619852,1.4398204850607506e-17,False,False
symmetric_tree,2,5,0.05,0.075,0.0001668528069199665,1.4398204850607506e-17,False,False
symmetric_tree,2,5,0.075,0.1,3.54717629799761e-05,1.4398204850607506e-17,False,False
symmetric_tree,2,6,0.0,0.025,5.726754527015949e-05,1.4398204850607506e-17,False,True
symmetric_tree,2,6,0.025,0.05,5.7267324774379e-05,1.4398204850607506e-17,False,False
symmetric_tree,2,6,0.05,0.075,5.726708781879754e-05,1.4398204850607506e-17,False,False
symmetric_tree,2,6,0.075,0.1,5.726683272341262e-05,1.4398204850607506e-17,False,False
symmetric_tree,2,6,0.1,0.125,5.7018879636799424e-05,1.4398204850607506e-17,False,False
symmetric_tree,2,8,0.0,0.025,0.000734828384618965,1.4398204850607506e-17,False,True
symmetric_tree,2,8,0.025,0.05,0.0007232171840742007,1.4398204850607506e-17,False,False
symmetric_tree,2,8,0.05,0.075,0.0006376407280916101,1.4398204850607506e-17,False,False
symmetric_tree,2,10,0.0,0.025,0.0006868463253994403,1.4398204850607506e-17,False,True
symmetric_tree,2,10,0.025,0.05,0.00030044494513579924,1.4398204850607506e-17,False,False
symmetric_tree,2,11,0.0,0.025,8.140558400182574e-05,1.4398204850607506e-17,False,True
symmetric_tree,2,13,0.0,0.025,6.777307111186827e-05,1.4398204850607506e-17,False,True
symmetric_tree,2,16,0.0,0.025,0.00035007076329826884,1.4398204850607506e-17,False,True
symmetric_tree,2,16,0.025,0.05,0.00034975195784195346,1.4398204850607506e-17,False,False
symmetric_tree,2,16,0.05,0.075,0.0003491982655737637,1.4398204850607506e-17,False,False
symmetric_tree,2,16,0.075,0.1,0.00034810543215237316,1.4398204850607506e-17,False,False
symmetric_tree,2,16,0.1,0.125,0.0003454490257052355,1.4398204850607506e-17,False,False
symmetric_tree,2,16,0.125,0.15,0.00033575923963690183,1.4398204850607506e-17,False,False
symmetric_tree,2,17,0.0,0.025,0.0005154698865388481,1.4398204850607506e-17,False,True
symmetric_tree,2,17,0.025,0.05,0.0002483737096185684,1.4398204850607506e-17,False,False
symmetric_tree,2,18,0.0,0.025,0.00023052060987504034,1.4398204850607506e-17,False,True
symmetric_tree,2,19,0.0,0.025,0.0005188693685036325,1.4398204850607506e-17,False,True
symmetric_tree,2,19,0.025,0.05,0.0003927547318096896,1.4398204850607506e-17,False,False
symmetric_tree,2,19,0.05,0.075,0.00015657155810926875,1.4398204850607506e-17,False,False
murray_tree,1,1,0.0,0.025,0.0003750840257247391,1.7520707107365754e-17,False,True
murray_tree,1,1,0.025,0.05,1.6870742534497423e-05,1.7520707107365754e-17,False,False
murray_tree,1,2,0.0,0.025,0.0006045530268709073,1.7520707107365754e-17,False,True
murray_tree,1,6,0.0,0.025,0.00010027999292313867,1.7520707107365754e-17,False,True
murray_tree,1,7,0.0,0.025,0.0005783130304598981,1.7520707107365754e-17,False,True
murray_tree,1,8,0.0,0.025,0.0010933689926831012,1.7520707107365754e-17,False,True
murray_tree,1,10,0.0,0.025,0.0003198505259727276,1.7520707107365754e-17,False,True
murray_tree,1,11,0.0,0.025,0.0006726260644430526,1.7520707107365754e-17,False,True
murray_tree,1,11,0.025,0.05,0.0003046812285073643,1.7520707107365754e-17,False,False
murray_tree,1,12,0.0,0.025,8.730533210033137e-05,1.7520707107365754e-17,False,True
murray_tree,1,15,0.0,0.025,4.833662466280234e-05,1.7520707107365754e-17,False,True
murray_tree,1,15,0.025,0.05,4.5479555819631385e-05,1.7520707107365754e-17,False,False
murray_tree,1,15,0.05,0.075,4.245567920600551e-05,1.7520707107365754e-17,False,False
murray_tree,1,16,0.0,0.025,0.00018381423890107213,1.7520707107365754e-17,False,True
murray_tree,1,16,0.025,0.05,6.6203290376115e-05,1.7520707107365754e-17,False,False
murray_tree,2,2,0.0,0.025,0.0003596687528764574,1.7520707107365754e-17,False,True
murray_tree,2,2,0.025,0.05,0.0002490572022610803,1.7520707107365754e-17,False,False
murray_tree,2,2,0.05,0.075,0.00011091863599895684,1.7520707107365754e-17,False,False
murray_tree,2,3,0.0,0.025,0.0008081752687585739,1.7520707107365754e-17,False,True
murray_tree,2,3,0.025,0.05,0.00035644595339300814,1.7520707107365754e-17,False,False
murray_tree,2,11,0.0,0.025,2.1717418031127166e-05,1.7520707107365754e-17,False,True
murray_tree,2,12,0.0,0.025,0.0002437765919831728,1.7520707107365754e-17,False,True
murray_tree,2,15,0.0,0.025,0.00019925332544374046,1.7520707107365754e-17,False,True
murray_tree,2,15,0.025,0.05,0.00011927281130196064,1.7520707107365754e-17,False,False
murray_tree,2,15,0.05,0.075,3.083072498253226e-05,1.7520707107365754e-17,False,False
murray_tree,2,17,0.0,0.025,0.0004522437710018346,1.7520707107365754e-17,False,True
murray_tree,2,17,0.025,0.05,0.0004093901321574078,1.7520707107365754e-17,False,False
murray_tree,2,17,0.05,0.075,0.0003456347033102252,1.7520707107365754e-17,False,False
murray_tree,2,17,0.075,0.1,0.0002526437495320097,1.7520707107365754e-17,False,False
murray_tree,2,17,0.1,0.125,0.0001266054329539328,1.7520707107365754e-17,False,False
murray_tree,2,19,0.0,0.025,0.00022138199796278325,1.7520707107365754e-17,False,True
murray_tree,2,19,0.025,0.05,0.00021169306205030304,1.7520707107365754e-17,False,False
murray_tree,2,19,0.05,0.075,0.00020002028049931038,1.7520707107365754e-17,False,False
murray_tree,2,19,0.075,0.1,0.00018594505236539964,1.7520707107365754e-17,False,False
looped_hierarchical,1,0,0.0,0.025,0.0013326748409368625,1.0581813203458526e-17,True,True
looped_hierarchical,1,0,0.025,0.05,0.0008294619087389774,1.0581813203458526e-17,True,True
looped_hierarchical,1,0,0.05,0.075,0.00014768386038298883,1.0581813203458526e-17,False,False
looped_hierarchical,1,1,0.0,0.025,0.0003222390044454321,1.0581813203458526e-17,True,True
looped_hierarchical,1,1,0.025,0.05,0.00014212907986256226,1.0581813203458526e-17,True,True
looped_hierarchical,1,2,0.0,0.025,0.0007339974147217276,1.0581813203458526e-17,True,True
looped_hierarchical,1,2,0.025,0.05,0.0007132264623788548,1.0581813203458526e-17,True,True
looped_hierarchical,1,2,0.05,0.075,0.0006863464638370131,1.0581813203458526e-17,False,False
looped_hierarchical,1,2,0.075,0.1,0.0006511093601182958,1.0581813203458526e-17,False,False
looped_hierarchical,1,2,0.1,0.125,0.0006044326280944239,1.0581813203458526e-17,False,False
looped_hierarchical,1,2,0.125,0.15,0.0005422895986068746,1.0581813203458526e-17,False,False
looped_hierarchical,1,2,0.15,0.175,2.1426338283293475e-06,1.0581813203458526e-17,False,False
looped_hierarchical,1,4,0.0,0.025,9.542727086952509e-05,1.0581813203458526e-17,True,True
looped_hierarchical,1,4,0.025,0.05,3.537402439291598e-06,1.0581813203458526e-17,True,False
looped_hierarchical,1,8,0.0,0.025,0.0011511929453443277,1.0581813203458526e-17,True,True
looped_hierarchical,1,8,0.025,0.05,0.001083103419246236,1.0581813203458526e-17,True,True
looped_hierarchical,1,8,0.05,0.075,0.000979215008125301,1.0581813203458526e-17,False,False
looped_hierarchical,1,8,0.075,0.1,0.0008182958973328384,1.0581813203458526e-17,False,False
looped_hierarchical,1,8,0.1,0.125,0.0005744531472042409,1.0581813203458526e-17,False,False
looped_hierarchical,1,8,0.125,0.15,0.00023766423232261542,1.0581813203458526e-17,False,False
looped_hierarchical,1,9,0.0,0.025,0.0008120602301565812,1.0581813203458526e-17,True,True
looped_hierarchical,1,9,0.025,0.05,0.0005993566631018743,1.0581813203458526e-17,True,True
looped_hierarchical,1,9,0.05,0.075,0.00033658403664429005,1.0581813203458526e-17,True,True
looped_hierarchical,1,9,0.075,0.1,3.893206561373687e-05,1.0581813203458526e-17,False,False
looped_hierarchical,1,10,0.0,0.025,0.0006801355298460491,1.0581813203458526e-17,True,True
looped_hierarchical,1,10,0.025,0.05,0.0006033730147818536,1.0581813203458526e-17,True,True
looped_hierarchical,1,10,0.05,0.075,0.0005083531931891162,1.0581813203458526e-17,True,True
looped_hierarchical,1,10,0.075,0.1,0.0003932527333784406,1.0581813203458526e-17,False,False
looped_hierarchical,1,10,0.1,0.125,0.0002586367700678216,1.0581813203458526e-17,False,False
looped_hierarchical,1,10,0.125,0.15,0.00010877587916421211,1.0581813203458526e-17,False,False
looped_hierarchical,1,12,0.0,0.025,0.0008804165769121901,1.0581813203458526e-17,True,True
looped_hierarchical,1,12,0.025,0.05,0.0003769645111476559,1.0581813203458526e-17,True,True
looped_hierarchical,1,15,0.0,0.025,0.0007061378140989609,1.0581813203458526e-17,True,True
looped_hierarchical,1,15,0.025,0.05,0.0006494760381258909,1.0581813203458526e-17,True,True
looped_hierarchical,1,15,0.05,0.075,0.0005780360747118718,1.0581813203458526e-17,True,True
looped_hierarchical,1,15,0.075,0.1,0.0004888481848511744,1.0581813203458526e-17,False,False
looped_hierarchical,1,15,0.1,0.125,0.00037984047613578726,1.0581813203458526e-17,False,False
looped_hierarchical,1,15,0.125,0.15,0.0002512655958500755,1.0581813203458526e-17,False,False
looped_hierarchical,1,15,0.15,0.175,0.00010716641019577287,1.0581813203458526e-17,False,False
looped_hierarchical,1,16,0.0,0.025,0.0005239098578114915,1.0581813203458526e-17,True,True
looped_hierarchical,1,16,0.025,0.05,0.00039398563548042817,1.0581813203458526e-17,True,True
looped_hierarchical,1,16,0.05,0.075,0.00024542256481773807,1.0581813203458526e-17,True,True
looped_hierarchical,1,16,0.075,0.1,8.345174062942932e-05,1.0581813203458526e-17,True,False
looped_hierarchical,1,17,0.0,0.025,0.0011569520620499686,1.0581813203458526e-17,True,True
looped_hierarchical,1,17,0.025,0.05,0.001030770083089264,1.0581813203458526e-17,True,True
looped_hierarchical,1,17,0.05,0.075,0.0008431404196167442,1.0581813203458526e-17,False,False
looped_hierarchical,1,17,0.075,0.1,0.000573207071645745,1.0581813203458526e-17,False,False
looped_hierarchical,1,17,0.1,0.125,0.0002195784265485749,1.0581813203458526e-17,False,False
looped_hierarchical,1,18,0.0,0.025,0.0008663200352480756,1.0581813203458526e-17,True,True
looped_hierarchical,1,18,0.025,0.05,0.00037765526494020624,1.0581813203458526e-17,True,True
looped_hierarchical,1,19,0.0,0.025,0.0005322856160356725,1.0581813203458526e-17,True,True
looped_hierarchical,1,19,0.025,0.05,0.0005155016668411411,1.0581813203458526e-17,True,True
looped_hierarchical,1,19,0.05,0.075,0.0004954182015580299,1.0581813203458526e-17,True,True
looped_hierarchical,1,19,0.075,0.1,0.00047129838532169923,1.0581813203458526e-17,False,False
looped_hierarchical,1,19,0.1,0.125,0.00044227335331700843,1.0581813203458526e-17,False,False
looped_hierarchical,1,19,0.125,0.15,0.0004073638568245124,1.0581813203458526e-17,False,False
looped_hierarchical,1,19,0.15,0.175,0.0003655493063853916,1.0581813203458526e-17,False,False
looped_hierarchical,1,19,0.175,0.2,0.0003159123162361577,1.0581813203458526e-17,False,False
looped_hierarchical,1,19,0.2,0.225,0.0002578807042891455,1.0581813203458526e-17,False,False
looped_hierarchical,1,19,0.225,0.25,0.00019155414954867642,1.0581813203458526e-17,False,False
looped_hierarchical,1,19,0.25,0.275,0.00011802913738335856,1.0581813203458526e-17,False,False
looped_hierarchical,1,19,0.275,0.3,3.955135474190564e-05,1.0581813203458526e-17,False,False
looped_hierarchical,2,0,0.0,0.025,0.00042656149180150815,1.0581813203458526e-17,False,True
looped_hierarchical,2,0,0.025,0.05,0.00015678671453576987,1.0581813203458526e-17,False,False
looped_hierarchical,2,1,0.0,0.025,0.00010507146463013383,1.0581813203458526e-17,False,True
looped_hierarchical,2,1,0.025,0.05,4.903807945508178e-05,1.0581813203458526e-17,False,False
looped_hierarchical,2,2,0.0,0.025,0.00014895197008429548,1.0581813203458526e-17,False,True
looped_hierarchical,2,7,0.0,0.025,0.0005540063954504251,1.0581813203458526e-17,False,True
looped_hierarchical,2,7,0.025,0.05,0.00045538930672422116,1.0581813203458526e-17,False,False
looped_hierarchical,2,7,0.05,0.075,0.00033554412994733513,1.0581813203458526e-17,False,False
looped_hierarchical,2,7,0.075,0.1,0.0001960870978594655,1.0581813203458526e-17,False,False
looped_hierarchical,2,7,0.1,0.125,4.32061521153165e-05,1.0581813203458526e-17,False,False
looped_hierarchical,2,10,0.0,0.025,0.0008435254124782923,1.0581813203458526e-17,False,True
looped_hierarchical,2,10,0.025,0.05,0.0008215637439989119,1.0581813203458526e-17,False,False
looped_hierarchical,2,10,0.05,0.075,0.0007892774594092456,1.0581813203458526e-17,False,False
looped_hierarchical,2,10,0.075,0.1,0.0007400001768904946,1.0581813203458526e-17,False,False
looped_hierarchical,2,10,0.1,0.125,0.0006621705319673553,1.0581813203458526e-17,False,False
looped_hierarchical,2,10,0.125,0.15,0.000537273749854318,1.0581813203458526e-17,False,False
looped_hierarchical,2,10,0.15,0.175,0.0003436788836813443,1.0581813203458526e-17,False,False
looped_hierarchical,2,11,0.0,0.025,0.00034398640071275736,1.0581813203458526e-17,False,True
looped_hierarchical,2,11,0.025,0.05,0.0002996225314180617,1.0581813203458526e-17,False,False
looped_hierarchical,2,11,0.05,0.075,0.0002493997704989953,1.0581813203458526e-17,False,False
looped_hierarchical,2,11,0.075,0.1,0.00019349466187410652,1.0581813203458526e-17,False,False
looped_hierarchical,2,11,0.1,0.125,0.00013258200986494134,1.0581813203458526e-17,False,False
looped_hierarchical,2,11,0.125,0.15,6.789164965014926e-05,1.0581813203458526e-17,False,False
looped_hierarchical,2,12,0.0,0.025,0.0009454837831183735,1.0581813203458526e-17,False,True
looped_hierarchical,2,14,0.0,0.025,7.114478317812607e-05,1.0581813203458526e-17,False,True
grid_lattice,1,0,0.0,0.025,0.0005785157496155623,1.076612757278106e-17,False,True
grid_lattice,1,0,0.025,0.05,0.0005206540325135775,1.076612757278106e-17,False,False
grid_lattice,1,0,0.05,0.075,0.0004318911142658223,1.076612757278106e-17,False,False
grid_lattice,1,0,0.075,0.1,0.0002776024155582116,1.076612757278106e-17,False,False
grid_lattice,1,3,0.0,0.025,0.0008466367034104627,1.076612757278106e-17,False,True
grid_lattice,1,3,0.025,0.05,0.0006436596787792082,1.076612757278106e-17,False,False
grid_lattice,1,3,0.05,0.075,0.0002908111442164684,1.076612757278106e-17,False,False
grid_lattice,1,6,0.0,0.025,0.000428725556776993,1.076612757278106e-17,False,True
grid_lattice,1,6,0.025,0.05,1.0888862602169078e-06,1.076612757278106e-17,False,False
grid_lattice,1,7,0.0,0.025,0.00010618307490205346,1.076612757278106e-17,False,True
grid_lattice,1,7,0.025,0.05,8.903821320535316e-05,1.076612757278106e-17,False,False
grid_lattice,1,7,0.05,0.075,7.08041727910131e-05,1.076612757278106e-17,False,False
grid_lattice,1,7,0.075,0.1,5.163754638654126e-05,1.076612757278106e-17,False,False
grid_lattice,1,7,0.1,0.125,3.1750509292976375e-05,1.076612757278106e-17,False,False
grid_lattice,1,7,0.125,0.15,1.1402601456942177e-05,1.076612757278106e-17,False,False
grid_lattice,1,12,0.0,0.025,0.000978875437406147,1.076612757278106e-17,False,True
grid_lattice,1,12,0.025,0.05,0.00033150642855941546,1.076612757278106e-17,False,False
grid_lattice,1,18,0.0,0.025,0.0009906986587677924,1.076612757278106e-17,False,True
grid_lattice,1,18,0.025,0.05,0.00040361753843728325,1.076612757278106e-17,False,False
grid_lattice,1,19,0.0,0.025,1.4177733917335525e-06,1.076612757278106e-17,False,True
grid_lattice,2,1,0.0,0.025,9.525834952732373e-05,1.076612757278106e-17,False,True
grid_lattice,2,1,0.025,0.05,9.222258421726602e-05,1.076612757278106e-17,False,False
grid_lattice,2,1,0.05,0.075,8.903225538991772e-05,1.076612757278106e-17,False,False
grid_lattice,2,1,0.075,0.1,8.568260044018033e-05,1.076612757278106e-17,False,False
grid_lattice,2,1,0.1,0.125,4.141094850464242e-05,1.076612757278106e-17,False,False
grid_lattice,2,2,0.0,0.025,0.0001987804226375239,1.076612757278106e-17,False,True
grid_lattice,2,2,0.025,0.05,0.00018667337252158914,1.076612757278106e-17,False,False
grid_lattice,2,2,0.05,0.075,0.00017325009466333686,1.076612757278106e-17,False,False
grid_lattice,2,2,0.075,0.1,0.00015842944286411156,1.076612757278106e-17,False,False
grid_lattice,2,2,0.1,0.125,0.00014215657527348602,1.076612757278106e-17,False,False
grid_lattice,2,2,0.125,0.15,4.109836905710068e-05,1.076612757278106e-17,False,False
grid_lattice,2,3,0.0,0.025,0.00107127382127042,1.076612757278106e-17,False,True
grid_lattice,2,3,0.025,0.05,0.0007168444770035793,1.076612757278106e-17,False,False
grid_lattice,2,3,0.05,0.075,0.00015439177784989976,1.076612757278106e-17,False,False
grid_lattice,2,5,0.0,0.025,0.000788838063564167,1.076612757278106e-17,False,True
grid_lattice,2,5,0.025,0.05,0.0006581130801666234,1.076612757278106e-17,False,False
grid_lattice,2,5,0.05,0.075,0.0004589364482467232,1.076612757278106e-17,False,False
grid_lattice,2,5,0.075,0.1,0.00018322837227706737,1.076612757278106e-17,False,False
grid_lattice,2,6,0.0,0.025,0.0014066148718783972,1.076612757278106e-17,False,True
grid_lattice,2,6,0.025,0.05,0.000561787081499494,1.076612757278106e-17,False,False
grid_lattice,2,7,0.0,0.025,0.0009383853915393104,1.076612757278106e-17,False,True
grid_lattice,2,7,0.025,0.05,0.0006491252110520261,1.076612757278106e-17,False,False
grid_lattice,2,7,0.05,0.075,0.00021304381161870063,1.076612757278106e-17,False,False
grid_lattice,2,8,0.0,0.025,0.0014185278789925647,1.076612757278106e-17,False,True
grid_lattice,2,8,0.025,0.05,0.0011580042618987894,1.076612757278106e-17,False,False
grid_lattice,2,8,0.05,0.075,0.0005240001953805153,1.076612757278106e-17,False,False
grid_lattice,2,9,0.0,0.025,3.250449432442692e-05,1.076612757278106e-17,False,True
grid_lattice,2,10,0.0,0.025,0.00023563771330685924,1.076612757278106e-17,False,True
grid_lattice,2,10,0.025,0.05,0.0002158997410000498,1.076612757278106e-17,False,False
grid_lattice,2,10,0.05,0.075,0.00019363730613486396,1.076612757278106e-17,False,False
grid_lattice,2,10,0.075,0.1,0.0001687330828157238,1.076612757278106e-17,False,False
grid_lattice,2,10,0.1,0.125,0.00014117719369275122,1.076612757278106e-17,False,False
grid_lattice,2,10,0.125,0.15,0.00011110775047790643,1.076612757278106e-17,False,False
grid_lattice,2,10,0.15,0.175,7.88424620838616e-05,1.076612757278106e-17,False,False
grid_lattice,2,10,0.175,0.2,4.132093269260985e-05,1.076612757278106e-17,False,False
grid_lattice,2,11,0.0,0.025,0.0004350379523607841,1.076612757278106e-17,False,True
grid_lattice,2,11,0.025,0.05,6.707187348566936e-05,1.076612757278106e-17,False,False
grid_lattice,2,12,0.0,0.025,0.0019631227623747183,1.076612757278106e-17,False,True
grid_lattice,2,12,0.025,0.05,0.00048094229254599984,1.076612757278106e-17,False,False
grid_lattice,2,14,0.0,0.025,0.00047969413770598563,1.076612757278106e-17,False,True
grid_lattice,2,14,0.025,0.05,0.0003588528764612393,1.076612757278106e-17,False,False
grid_lattice,2,14,0.05,0.075,0.00021002281797479188,1.076612757278106e-17,False,False
grid_lattice,2,14,0.075,0.1,3.453642276125303e-05,1.076612757278106e-17,False,False
grid_lattice,2,17,0.0,0.025,0.0006327062529078321,1.076612757278106e-17,False,True
grid_lattice,2,17,0.025,0.05,0.0005218425736519105,1.076612757278106e-17,False,False
grid_lattice,2,17,0.05,0.075,0.000369316741460058,1.076612757278106e-17,False,False
grid_lattice,2,17,0.075,0.1,0.00017444900796208078,1.076612757278106e-17,False,False
